Year,Month,Category,Revenue,Profit,Units,Avg_Discount,Margin_Pct,Date
2011,1,Furniture,34463.753,691.2008999999998,246,0.17675000000000002,2.01,2011-01-01
2011,1,Office Supplies,33526.7275,4573.7381000000005,997,0.16437062937062935,13.64,2011-01-01
2011,1,Technology,30908.00836,3056.86196,220,0.11355223880597014,9.89,2011-01-01
2011,2,Furniture,30641.2035,2878.6208,230,0.13999999999999999,9.39,2011-02-01
2011,2,Office Supplies,22276.999,2336.186,695,0.12445454545454546,10.49,2011-02-01
2011,2,Technology,38233.95448,7203.10018,299,0.17057777777777777,18.84,2011-02-01
2011,3,Furniture,44780.1388,4888.2878,357,0.1711764705882353,10.92,2011-03-01
2011,3,Office Supplies,34395.1339,6411.4282,1136,0.12869300911854104,18.64,2011-03-01
2011,3,Technology,66554.09466,4003.8522599999997,343,0.13344444444444445,6.02,2011-03-01
2011,4,Furniture,31344.8651,2085.5382,336,0.19625,6.65,2011-04-01
2011,4,Office Supplies,46604.1239,5678.5985,1295,0.12414084507042254,12.18,2011-04-01
2011,4,Technology,38966.77518,5138.18768,389,0.15525714285714284,13.19,2011-04-01
2011,5,Furniture,44980.6683,546.0237000000001,378,0.1887719298245614,1.21,2011-05-01
2011,5,Office Supplies,46109.5856,5082.506,1184,0.1358878504672897,11.02,2011-05-01
2011,5,Technology,55657.5822,6555.299,451,0.13161832061068704,11.78,2011-05-01
2011,6,Furniture,78368.8521,3885.9218000000005,697,0.22838709677419353,4.96,2011-06-01
2011,6,Office Supplies,65149.7344,8504.16,1802,0.16073937153419593,13.05,2011-06-01
2011,6,Technology,71688.79372,11025.16522,613,0.15838947368421052,15.38,2011-06-01
2011,7,Furniture,31385.1932,864.5088999999998,315,0.2072727272727273,2.75,2011-07-01
2011,7,Office Supplies,41358.639,953.2737999999999,1096,0.14719594594594596,2.3,2011-07-01
2011,7,Technology,42766.58692,3767.22082,363,0.16464864864864864,8.81,2011-07-01
2011,8,Furniture,69984.4592,723.0844000000001,583,0.15057324840764333,1.03,2011-08-01
2011,8,Office Supplies,56697.2076,9773.5163,1817,0.13576086956521738,17.24,2011-08-01
2011,8,Technology,80899.82442,13217.06702,635,0.13539644970414202,16.34,2011-08-01
2011,9,Furniture,95029.1217,10419.2485,763,0.1535211267605634,10.96,2011-09-01
2011,9,Office Supplies,102938.7562,17662.7584,2376,0.12167414050822123,17.16,2011-09-01
2011,9,Technology,92246.57744000001,7694.87704,568,0.13869411764705883,8.34,2011-09-01
2011,10,Furniture,77411.7041,9262.4516,612,0.14368098159509204,11.97,2011-10-01
2011,10,Office Supplies,48234.8242,5746.0768,1591,0.14302375809935206,11.91,2011-10-01
2011,10,Technology,73424.73574,10954.88994,524,0.13886486486486485,14.92,2011-10-01
2011,11,Furniture,90757.3673,4274.7988000000005,771,0.16705314009661834,4.71,2011-11-01
2011,11,Office Supplies,94326.9905,9799.4905,2458,0.1574142857142857,10.39,2011-11-01
2011,11,Technology,113412.17972,18634.88842,810,0.14683620689655175,16.43,2011-11-01
2011,12,Furniture,127045.0577,13177.241,1021,0.1685357142857143,10.37,2011-12-01
2011,12,Office Supplies,83987.72839999999,9474.8017,2529,0.13621848739495798,11.28,2011-12-01
2011,12,Technology,122892.9485,17995.9413,943,0.15899628252788106,14.64,2011-12-01
2012,1,Furniture,42498.8614,-1861.7602,396,0.18029126213592234,-4.38,2012-01-01
2012,1,Office Supplies,47071.0701,6856.427,1100,0.12341614906832299,14.57,2012-01-01
2012,1,Technology,46210.788739999996,5406.97084,349,0.14161403508771928,11.7,2012-01-01
2012,2,Furniture,37897.8278,4438.362,290,0.1507594936708861,11.71,2012-02-01
2012,2,Office Supplies,24490.4583,4171.0043,847,0.1422047244094488,17.03,2012-02-01
2012,2,Technology,38121.93088,6390.72988,336,0.1536875,16.76,2012-02-01
2012,3,Furniture,55082.3307,1728.1416,457,0.2227966101694915,3.14,2012-03-01
2012,3,Office Supplies,53721.2811,9201.0911,1316,0.13618226600985223,17.13,2012-03-01
2012,3,Technology,54273.15936,7063.68486,464,0.14566666666666667,13.02,2012-03-01
2012,4,Furniture,54701.8721,3175.5537999999997,422,0.18231404958677686,5.81,2012-04-01
2012,4,Office Supplies,43886.0595,5713.6211,1298,0.13783505154639175,13.02,2012-04-01
2012,4,Technology,62464.33792,8477.79232,530,0.11964864864864866,13.57,2012-04-01
2012,5,Furniture,62961.3161,6907.8703,488,0.14965517241379309,10.97,2012-05-01
2012,5,Office Supplies,61041.0493,7782.6972,1865,0.1333270676691729,12.75,2012-05-01
2012,5,Technology,84362.52584,15186.13624,568,0.1327730061349693,18.0,2012-05-01
2012,6,Furniture,81480.7421,7720.2234,718,0.16865384615384615,9.47,2012-06-01
2012,6,Office Supplies,75845.8261,9647.8055,2236,0.14624823695345557,12.72,2012-06-01
2012,6,Technology,98849.13022,17039.12472,717,0.13476712328767124,17.24,2012-06-01
2012,7,Furniture,41491.390999999996,3016.9572000000003,466,0.15837037037037036,7.27,2012-07-01
2012,7,Office Supplies,46346.4109,6312.3848,1402,0.15662591687041566,13.62,2012-07-01
2012,7,Technology,57398.98322,6256.046420000001,453,0.16490434782608696,10.9,2012-07-01
2012,8,Furniture,84644.443,6344.7399,647,0.14097938144329897,7.5,2012-08-01
2012,8,Office Supplies,97259.7726,15418.957699999999,2370,0.12354790419161676,15.85,2012-08-01
2012,8,Technology,121238.72678,21810.18098,801,0.11894117647058824,17.99,2012-08-01
2012,9,Furniture,96165.5812,8613.7367,803,0.15551111111111113,8.96,2012-09-01
2012,9,Office Supplies,78844.1695,7581.1962,2519,0.1369139072847682,9.62,2012-09-01
2012,9,Technology,114379.41494,11581.24744,883,0.12637860082304528,10.13,2012-09-01
2012,10,Furniture,84823.9238,7579.594,657,0.16569060773480665,8.94,2012-10-01
2012,10,Office Supplies,59383.131,5999.6885,2114,0.13568027210884354,10.1,2012-10-01
2012,10,Technology,108732.7954,17083.6002,792,0.1180814479638009,15.71,2012-10-01
2012,11,Furniture,120308.3095,4690.231,1138,0.16828025477707007,3.9,2012-11-01
2012,11,Office Supplies,99990.3724,11635.9613,3187,0.14421892816419613,11.64,2012-11-01
2012,11,Technology,103213.735,15494.5295,868,0.13586617100371748,15.01,2012-11-01
2012,12,Furniture,96845.9594,5779.1843,797,0.15752252252252252,5.97,2012-12-01
2012,12,Office Supplies,107215.0262,12984.6731,2881,0.12831038798498123,12.11,2012-12-01
2012,12,Technology,134195.981,14186.8939,936,0.13378707224334602,10.57,2012-12-01
2013,1,Furniture,81804.6007,10821.4584,544,0.16223776223776223,13.23,2013-01-01
2013,1,Office Supplies,64983.6632,9854.4524,1452,0.12220454545454547,15.16,2013-01-01
2013,1,Technology,52397.64348,6134.64888,417,0.11485714285714285,11.71,2013-01-01
2013,2,Furniture,59117.9443,6402.2585,453,0.1602307692307692,10.83,2013-02-01
2013,2,Office Supplies,51552.878,8040.1701,1279,0.12183060109289616,15.6,2013-02-01
2013,2,Technology,56568.8281,9320.0675,370,0.11552293577981652,16.48,2013-02-01
2013,3,Furniture,65323.2928,2612.8528,582,0.176625,4.0,2013-03-01
2013,3,Office Supplies,62007.8735,9418.4769,1576,0.14231277533039646,15.19,2013-03-01
2013,3,Technology,71262.86382,11402.44492,528,0.14153947368421052,16.0,2013-03-01
2013,4,Furniture,54586.982299999996,1364.9977,529,0.18316901408450706,2.5,2013-04-01
2013,4,Office Supplies,55765.7085,7198.0458,1652,0.13915463917525772,12.91,2013-04-01
2013,4,Technology,67468.62604,10898.99494,507,0.14313924050632912,16.15,2013-04-01
2013,5,Furniture,74434.529,952.0303000000001,745,0.17086294416243658,1.28,2013-05-01
2013,5,Office Supplies,74692.3837,11986.135699999999,2351,0.14062027231467475,16.05,2013-05-01
2013,5,Technology,111371.652,15557.5281,712,0.13307537688442211,13.97,2013-05-01
2013,6,Furniture,115262.2295,10196.8188,963,0.16930313588850177,8.85,2013-06-01
2013,6,Office Supplies,111476.9224,10627.0919,3259,0.1312756756756757,9.53,2013-06-01
2013,6,Technology,169780.46,24654.5027,1105,0.13717610062893082,14.52,2013-06-01
2013,7,Furniture,71863.4511,6862.5391,657,0.1548901098901099,9.55,2013-07-01
2013,7,Office Supplies,70281.5135,12830.793599999999,1926,0.12335766423357664,18.26,2013-07-01
2013,7,Technology,87783.9874,9170.4945,669,0.15309743589743588,10.45,2013-07-01
2013,8,Furniture,112305.505,4536.1751,886,0.16307377049180327,4.04,2013-08-01
2013,8,Office Supplies,93140.217,11041.1275,3145,0.13818083961248656,11.85,2013-08-01
2013,8,Technology,121043.06736,15446.36586,903,0.12817843866171003,12.76,2013-08-01
2013,9,Furniture,127700.6854,11511.983,1169,0.1789442815249267,9.01,2013-09-01
2013,9,Office Supplies,110761.6735,14370.4206,3590,0.1345595353339787,12.97,2013-09-01
2013,9,Technology,138156.88678,13023.26418,1034,0.1319935064935065,9.43,2013-09-01
2013,10,Furniture,89318.5585,6711.7821,866,0.177431906614786,7.51,2013-10-01
2013,10,Office Supplies,77392.8214,11880.344000000001,2214,0.13800637958532697,15.35,2013-10-01
2013,10,Technology,126695.26298,23841.09648,803,0.13300925925925927,18.82,2013-10-01
2013,11,Furniture,122802.7219,13528.838,1084,0.1495364238410596,11.02,2013-11-01
2013,11,Office Supplies,110735.7777,16435.1859,3342,0.1348715313463515,14.84,2013-11-01
2013,11,Technology,140450.8605,18098.9728,1130,0.12128971962616822,12.89,2013-11-01
2013,12,Furniture,143203.0529,8561.1667,1222,0.17495548961424331,5.98,2013-12-01
2013,12,Office Supplies,127926.2095,25563.4914,3361,0.12386315789473684,19.98,2013-12-01
2013,12,Technology,134325.11562,16078.21302,1111,0.1494031746031746,11.97,2013-12-01
2014,1,Furniture,69799.4707,4522.818499999999,560,0.15116564417177913,6.48,2014-01-01
2014,1,Office Supplies,76653.9148,9592.7558,1923,0.1377836879432624,12.51,2014-01-01
2014,1,Technology,94815.17016,13885.81196,639,0.13391623036649214,14.65,2014-01-01
2014,2,Furniture,57702.83,3819.1205000000004,477,0.1663970588235294,6.62,2014-02-01
2014,2,Office Supplies,55184.022,7191.9211,1422,0.1439072847682119,13.03,2014-02-01
2014,2,Technology,71950.50356,8740.65836,583,0.13955688622754492,12.15,2014-02-01
2014,3,Furniture,89705.3815,9499.6973,740,0.1577941176470588,10.59,2014-03-01
2014,3,Office Supplies,77576.2681,10728.8105,2298,0.12532233883058472,13.83,2014-03-01
2014,3,Technology,95819.12302,17128.75272,684,0.1331776649746193,17.88,2014-03-01
2014,4,Furniture,70576.3313,3214.5958,732,0.17441747572815533,4.55,2014-04-01
2014,4,Office Supplies,81346.362,10082.4686,2204,0.1593663060278207,12.39,2014-04-01
2014,4,Technology,90849.168,10485.2368,658,0.12606060606060607,11.54,2014-04-01
2014,5,Furniture,98312.1039,4714.8752,857,0.1809486166007905,4.8,2014-05-01
2014,5,Office Supplies,97974.889,14489.8931,2671,0.13660493827160494,14.79,2014-05-01
2014,5,Technology,92114.05324,14748.78944,772,0.14731221719457013,16.01,2014-05-01
2014,6,Furniture,136154.2801,7455.4391000000005,1080,0.16415625,5.48,2014-06-01
2014,6,Office Supplies,120308.8106,16228.0873,3764,0.13642143505903723,13.49,2014-06-01
2014,6,Technology,145350.9724,20095.076399999998,1165,0.1490275229357798,13.83,2014-06-01
2014,7,Furniture,82368.185,3410.5897,727,0.16495327102803736,4.14,2014-07-01
2014,7,Office Supplies,76947.5027,11517.0565,2142,0.1502121212121212,14.97,2014-07-01
2014,7,Technology,99389.99278,13108.22638,768,0.13648826291079813,13.19,2014-07-01
2014,8,Furniture,126283.8429,9018.0539,960,0.15701067615658362,7.14,2014-08-01
2014,8,Office Supplies,155430.7692,24209.915,3679,0.12345785440613029,15.58,2014-08-01
2014,8,Technology,174905.33026,20314.92606,1185,0.1276057142857143,11.61,2014-08-01
2014,9,Furniture,175776.6427,17999.272,1382,0.17223880597014923,10.24,2014-09-01
2014,9,Office Supplies,134386.528,21769.7576,4136,0.13105697770437655,16.2,2014-09-01
2014,9,Technology,170994.073,28210.4215,1319,0.10899753086419753,16.5,2014-09-01
2014,10,Furniture,130701.1759,9066.2174,1163,0.1551840490797546,6.94,2014-10-01
2014,10,Office Supplies,115770.9289,18911.3409,3484,0.14608427543679342,16.34,2014-10-01
2014,10,Technology,176294.52436,30232.27646,1229,0.12544954128440367,17.15,2014-10-01
2014,11,Furniture,168848.6682,9106.119999999999,1453,0.16444717444717447,5.39,2014-11-01
2014,11,Office Supplies,163851.3215,22452.7815,4656,0.1412114197530864,13.7,2014-11-01
2014,11,Technology,222579.0373,31297.6864,1597,0.12262162162162163,14.06,2014-11-01
2014,12,Furniture,171826.7786,7485.2635,1535,0.1803448275862069,4.36,2014-12-01
2014,12,Office Supplies,150220.1896,12751.2685,4545,0.15092862624712203,8.49,2014-12-01
2014,12,Technology,181096.72528,26679.98868,1433,0.1445686746987952,14.73,2014-12-01
