Region,Country,Segment,Revenue,Cost,Profit,Units,Orders,Avg_Discount,Margin_Pct
Africa,Algeria,Consumer,19832.4,14930.25,4902.15,230,48,0.0,24.72
Africa,Algeria,Corporate,8305.710000000001,6269.55,2036.16,128,25,0.0,24.52
Africa,Algeria,Home Office,7953.48,5785.29,2168.19,96,20,0.0,27.26
Africa,Angola,Consumer,18477.36,13710.119999999999,4767.24,207,38,0.0,25.8
Africa,Angola,Corporate,2839.2599999999998,2273.7,565.56,59,14,0.0,19.92
Africa,Angola,Home Office,4237.38,3075.21,1162.17,51,8,0.0,27.43
Africa,Benin,Consumer,3536.46,2870.1000000000004,666.36,29,10,0.0,18.84
Africa,Benin,Corporate,2636.25,1961.28,674.97,36,12,0.0,25.6
Africa,Benin,Home Office,39.36,31.5,7.86,1,1,0.0,19.97
Africa,Burundi,Consumer,267.72,164.64000000000001,103.08,4,2,0.0,38.5
Africa,Cameroon,Consumer,12995.85,9735.54,3260.31,109,32,0.0,25.09
Africa,Cameroon,Corporate,4493.94,3409.95,1083.99,70,21,0.0,24.12
Africa,Cameroon,Home Office,4859.58,3539.13,1320.45,49,13,0.0,27.17
Africa,Central African Republic,Consumer,1101.3600000000001,797.16,304.2,9,1,0.0,27.62
Africa,Central African Republic,Corporate,1276.2,1111.86,164.34,6,3,0.0,12.88
Africa,Chad,Home Office,1317.03,1227.03,90.0,11,1,0.0,6.83
Africa,Cote d'Ivoire,Consumer,14079.18,10639.44,3439.7400000000002,123,22,0.0,24.43
Africa,Cote d'Ivoire,Corporate,6260.97,4507.89,1753.08,67,14,0.0,28.0
Africa,Cote d'Ivoire,Home Office,5278.02,4040.2200000000003,1237.8,57,12,0.0,23.45
Africa,Democratic Republic of the Congo,Consumer,57658.770000000004,42779.79,14878.98,545,101,0.0,25.81
Africa,Democratic Republic of the Congo,Corporate,15532.5,11684.73,3847.77,194,54,0.0,24.77
Africa,Democratic Republic of the Congo,Home Office,14225.31,11091.48,3133.83,164,35,0.0,22.03
Africa,Djibouti,Consumer,263.21999999999997,197.60999999999999,65.61,8,2,0.0,24.93
Africa,Djibouti,Corporate,418.11,287.13,130.98,10,1,0.0,31.33
Africa,Djibouti,Home Office,1711.62,1104.12,607.5,13,2,0.0,35.49
Africa,Egypt,Consumer,46580.46,36753.36,9827.1,633,129,0.0,21.1
Africa,Egypt,Corporate,18839.13,14511.539999999999,4327.59,273,63,0.0,22.97
Africa,Egypt,Home Office,18719.73,13172.19,5547.54,217,49,0.0,29.63
Africa,Equatorial Guinea,Consumer,150.51,106.05000000000001,44.46,3,1,0.0,29.54
Africa,Eritrea,Corporate,187.73999999999998,111.53999999999999,76.2,4,1,0.0,40.59
Africa,Ethiopia,Consumer,460.26,283.89,176.37,11,2,0.0,38.32
Africa,Ethiopia,Corporate,251.88,198.45,53.43,5,1,0.0,21.21
Africa,Ethiopia,Home Office,138.48,78.12,60.36,2,1,0.0,43.59
Africa,Gabon,Consumer,1375.5900000000001,960.06,415.53000000000003,39,3,0.0,30.21
Africa,Gabon,Corporate,376.14,312.0,64.14,7,2,0.0,17.05
Africa,Ghana,Consumer,16420.83,12593.64,3827.19,150,34,0.0,23.31
Africa,Ghana,Corporate,4044.18,3001.5,1042.68,62,16,0.0,25.78
Africa,Ghana,Home Office,2807.25,2108.58,698.6700000000001,52,11,0.0,24.89
Africa,Guinea,Consumer,2382.99,1581.72,801.27,26,7,0.0,33.62
Africa,Guinea,Corporate,917.34,864.36,52.980000000000004,5,2,0.0,5.78
Africa,Guinea,Home Office,197.94,100.95,96.99,1,1,0.0,49.0
Africa,Guinea-Bissau,Consumer,1173.15,853.59,319.55999999999995,4,1,0.0,27.24
Africa,Guinea-Bissau,Home Office,892.29,800.4599999999999,91.83,9,3,0.0,10.29
Africa,Kenya,Consumer,9827.7,7491.33,2336.37,106,28,0.0,23.77
Africa,Kenya,Corporate,3782.1,2891.58,890.52,41,16,0.0,23.55
Africa,Kenya,Home Office,3963.33,3198.1200000000003,765.21,77,11,0.0,19.31
Africa,Lesotho,Corporate,6711.99,5313.78,1398.21,23,3,0.0,20.83
Africa,Liberia,Consumer,1478.8500000000001,995.4,483.45000000000005,5,2,0.0,32.69
Africa,Liberia,Corporate,1345.77,977.49,368.28,14,3,0.0,27.37
Africa,Liberia,Home Office,736.26,543.09,193.17,18,2,0.0,26.24
Africa,Libya,Consumer,1981.71,1526.85,454.86,39,10,0.0,22.95
Africa,Libya,Corporate,5041.8,3595.32,1446.48,50,5,0.0,28.69
Africa,Libya,Home Office,784.89,641.7299999999999,143.16,14,3,0.0,18.24
Africa,Madagascar,Consumer,4994.01,3577.56,1416.45,71,13,0.0,28.36
Africa,Madagascar,Corporate,4824.75,3903.39,921.36,48,8,0.0,19.1
Africa,Madagascar,Home Office,2798.79,1840.02,958.77,23,6,0.0,34.26
Africa,Mali,Consumer,5019.3,3919.1099999999997,1100.19,53,13,0.0,21.92
Africa,Mali,Corporate,2610.87,1754.61,856.26,13,6,0.0,32.8
Africa,Mali,Home Office,1284.3,949.1999999999999,335.1,14,3,0.0,26.09
Africa,Mauritania,Consumer,1487.04,1010.6100000000001,476.43,18,5,0.0,32.04
Africa,Mauritania,Corporate,899.16,503.58,395.58,2,1,0.0,43.99
Africa,Mauritania,Home Office,1634.73,830.7900000000001,803.9399999999999,9,2,0.0,49.18
Africa,Morocco,Consumer,37600.32,28182.45,9417.87,500,103,0.0,25.05
Africa,Morocco,Corporate,27372.36,18673.86,8698.5,285,69,0.0,31.78
Africa,Morocco,Home Office,22105.26,17460.21,4645.05,238,44,0.0,21.01
Africa,Mozambique,Consumer,10401.0,7385.52,3015.48,111,25,0.0,28.99
Africa,Mozambique,Corporate,7451.13,5506.0199999999995,1945.11,78,14,0.0,26.1
Africa,Mozambique,Home Office,3450.75,2475.54,975.21,42,10,0.0,28.26
Africa,Namibia,Consumer,2341.3199999999997,1660.62,680.7,11,2,0.0,29.07
Africa,Namibia,Corporate,558.15,501.90000000000003,56.25,19,3,0.0,10.08
Africa,Niger,Consumer,2679.5099999999998,1950.09,729.42,42,9,0.0,27.22
Africa,Niger,Corporate,829.59,589.9499999999999,239.64000000000001,19,5,0.0,28.89
Africa,Niger,Home Office,3413.88,2563.17,850.71,42,3,0.0,24.92
Africa,Nigeria,Consumer,29275.29,73860.66,-44585.37,1088,218,0.7,-152.3
Africa,Nigeria,Corporate,16224.606,40146.36,-23921.754,605,128,0.7,-147.44
Africa,Nigeria,Home Office,8850.456,21094.05,-12243.594000000001,363,76,0.7,-138.34
Africa,Republic of the Congo,Consumer,2339.2799999999997,2171.52,167.76,28,1,0.0,7.17
Africa,Republic of the Congo,Corporate,373.95,260.97,112.97999999999999,2,1,0.0,30.21
Africa,Rwanda,Consumer,3463.2599999999998,2488.71,974.55,46,9,0.0,28.14
Africa,Rwanda,Corporate,1602.21,1249.23,352.98,39,6,0.0,22.03
Africa,Rwanda,Home Office,128.61,119.7,8.91,3,2,0.0,6.93
Africa,Senegal,Consumer,17799.420000000002,13476.75,4322.67,170,32,0.0,24.29
Africa,Senegal,Corporate,9918.9,6964.71,2954.19,71,15,0.0,29.78
Africa,Senegal,Home Office,1130.58,896.28,234.29999999999998,17,9,0.0,20.72
Africa,Sierra Leone,Consumer,1572.1200000000001,1255.71,316.41,15,2,0.0,20.13
Africa,Sierra Leone,Corporate,384.42,316.77,67.65,7,2,0.0,17.6
Africa,Sierra Leone,Home Office,491.13,403.44,87.69,9,2,0.0,17.85
Africa,Somalia,Consumer,6754.08,6098.4,655.68,46,16,0.0,9.71
Africa,Somalia,Corporate,562.8,430.8,132.0,19,8,0.0,23.45
Africa,Somalia,Home Office,868.17,650.58,217.59,30,8,0.0,25.06
Africa,South Africa,Consumer,42387.27,32321.94,10065.33,456,107,0.0,23.75
Africa,South Africa,Corporate,29496.45,23093.579999999998,6402.87,333,73,0.0,21.71
Africa,South Africa,Home Office,23408.55,17940.12,5468.43,249,47,0.0,23.36
Africa,South Sudan,Corporate,378.3,211.86,166.44,1,1,0.0,44.0
Africa,South Sudan,Home Office,667.32,647.4000000000001,19.92,4,1,0.0,2.99
Africa,Sudan,Consumer,11778.9,9006.6,2772.3,130,22,0.0,23.54
Africa,Sudan,Corporate,2241.03,1971.15,269.88,39,13,0.0,12.04
Africa,Sudan,Home Office,2318.64,1741.32,577.3199999999999,28,5,0.0,24.9
Africa,Swaziland,Consumer,204.36,145.20000000000002,59.16,4,1,0.0,28.95
Africa,Swaziland,Home Office,83.67,56.07,27.6,1,1,0.0,32.99
Africa,Tanzania,Consumer,16686.381,13225.14,3461.241,153,31,0.029230769230769234,20.74
Africa,Tanzania,Corporate,7591.056,5689.4400000000005,1901.616,129,30,0.01730769230769231,25.05
Africa,Tanzania,Home Office,2538.702,2173.59,365.112,60,12,0.019354838709677424,14.38
Africa,Togo,Consumer,1087.47,745.5300000000001,341.94,23,8,0.0,31.44
Africa,Togo,Corporate,1539.06,1253.85,285.21,48,8,0.0,18.53
Africa,Togo,Home Office,1519.8899999999999,1330.17,189.72,18,4,0.0,12.48
Africa,Tunisia,Consumer,1480.17,932.58,547.59,18,6,0.0,37.0
Africa,Tunisia,Corporate,251.01,206.85000000000002,44.16,3,2,0.0,17.59
Africa,Tunisia,Home Office,29.61,19.259999999999998,10.35,1,1,0.0,34.95
Africa,Uganda,Consumer,731.952,1941.78,-1209.828,31,11,0.7,-165.29
Africa,Uganda,Corporate,435.222,954.0,-518.778,13,5,0.7,-119.2
Africa,Uganda,Home Office,454.761,1152.24,-697.4789999999999,19,3,0.7,-153.37
Africa,Zambia,Consumer,12453.48,8821.83,3631.65,148,23,0.0,29.16
Africa,Zambia,Corporate,4864.11,3666.27,1197.8400000000001,45,12,0.0,24.63
Africa,Zambia,Home Office,8717.91,6545.67,2172.24,58,11,0.0,24.92
Africa,Zimbabwe,Consumer,1186.506,2845.86,-1659.354,61,15,0.7,-139.85
Africa,Zimbabwe,Corporate,1268.811,3119.19,-1850.379,71,17,0.7,-145.84
Africa,Zimbabwe,Home Office,1309.788,3228.84,-1919.052,58,11,0.6999999999999998,-146.52
Canada,Canada,Consumer,35719.11,26041.41,9677.7,454,102,0.0,27.09
Canada,Canada,Corporate,19313.73,14277.27,5036.46,223,64,0.0,26.08
Canada,Canada,Home Office,11895.33,8792.1,3103.23,156,39,0.0,26.09
Caribbean,Barbados,Consumer,4722.76192,3203.66,1519.10192,42,7,0.00025,32.17
Caribbean,Barbados,Corporate,2262.092,1608.28,653.812,28,4,0.00075,28.9
Caribbean,Barbados,Home Office,189.42000000000002,162.54000000000002,26.880000000000003,6,2,0.0,14.19
Caribbean,Cuba,Consumer,83610.27612,62651.58,20958.69612,1366,186,0.00016430594900849858,25.07
Caribbean,Cuba,Corporate,53309.96728,40937.32,12372.647280000001,861,112,0.0002100840336134454,23.21
Caribbean,Cuba,Home Office,21934.69208,16376.82,5557.87208,490,71,4.511278195488722e-05,25.34
Caribbean,Dominican Republic,Consumer,59520.70992,61373.52,-1852.81008,1312,184,0.23714364640883978,-3.11
Caribbean,Dominican Republic,Corporate,39309.18588,43212.64,-3903.45412,717,107,0.2464536082474227,-9.93
Caribbean,Dominican Republic,Home Office,27310.68548,29167.920000000002,-1857.2345200000002,707,98,0.2490537634408602,-6.8
Caribbean,Guadeloupe,Consumer,373.48,255.7,117.78,8,2,0.0,31.54
Caribbean,Guadeloupe,Home Office,1088.16,729.74,358.42,16,2,0.0,32.94
Caribbean,Haiti,Consumer,7149.53328,9690.6,-2541.06672,221,22,0.43966037735849056,-35.54
Caribbean,Haiti,Corporate,2925.43336,4262.62,-1337.18664,130,15,0.4395263157894737,-45.71
Caribbean,Haiti,Home Office,963.36236,1272.42,-309.05764,41,5,0.44630769230769235,-32.08
Caribbean,Jamaica,Consumer,2954.8799999999997,2348.64,606.24,44,7,0.0,20.52
Caribbean,Jamaica,Corporate,1967.90584,1656.82,311.08584,44,5,0.00014285714285714287,15.81
Caribbean,Jamaica,Home Office,1839.0,1364.1000000000001,474.9,24,3,0.0,25.82
Caribbean,Martinique,Consumer,2262.07104,1867.32,394.75104,84,8,0.00010526315789473685,17.45
Caribbean,Martinique,Corporate,2550.8,2060.4,490.4,28,1,0.0,19.23
Caribbean,Martinique,Home Office,1155.28,926.2199999999999,229.06,10,2,0.0,19.83
Caribbean,Trinidad and Tobago,Consumer,1755.494,1089.74,665.754,30,3,0.20999999999999996,37.92
Caribbean,Trinidad and Tobago,Corporate,2212.47344,1611.12,601.35344,56,5,0.06381818181818182,27.18
Caribbean,Trinidad and Tobago,Home Office,2913.19704,1879.8200000000002,1033.37704,34,5,0.078,35.47
Central,Austria,Consumer,43522.8,31475.79,12047.01,516,67,0.0,27.68
Central,Austria,Corporate,22306.98,16287.78,6019.2,272,46,0.0,26.98
Central,Austria,Home Office,15332.22,11956.17,3376.05,209,26,0.0,22.02
Central,Belgium,Consumer,24916.829999999998,19333.95,5582.88,252,35,0.0,22.41
Central,Belgium,Corporate,15800.88,12472.59,3328.29,225,26,0.0,21.06
Central,Belgium,Home Office,8508.99,5847.570000000001,2661.42,98,12,0.0,31.28
Central,El Salvador,Consumer,106002.60564,80621.88,25380.72564,1450,199,0.0050471464019851125,23.94
Central,El Salvador,Corporate,48382.08836,37567.68,10814.40836,838,110,0.0019174311926605505,22.35
Central,El Salvador,Home Office,23170.2092,17342.1,5828.1092,446,66,0.003617391304347826,25.15
Central,France,Consumer,434394.0885,384075.72,50318.3685,5520,693,0.0738487972508591,11.58
Central,France,Corporate,282105.921,245000.37,37105.551,3385,437,0.07364253393665157,13.15
Central,France,Home Office,142431.0735,120825.99,21605.0835,1899,247,0.0651639344262295,15.17
Central,Germany,Consumer,343494.873,276460.38,67034.493,4161,509,0.059284420289855075,19.52
Central,Germany,Corporate,174895.1025,149105.19,25789.9125,2276,281,0.054394693200663355,14.75
Central,Germany,Home Office,110450.055,95951.64,14498.415,1308,174,0.05460893854748604,13.13
Central,Guatemala,Consumer,68962.92184,53993.72,14969.20184,961,144,0.0022949640287769787,21.71
Central,Guatemala,Corporate,34022.3854,27950.34,6072.0454,520,70,0.004474820143884893,17.85
Central,Guatemala,Home Office,28617.15952,21713.72,6903.43952,439,52,0.003903846153846154,24.12
Central,Honduras,Consumer,42445.10552,57244.26,-14799.15448,1281,183,0.407936231884058,-34.87
Central,Honduras,Corporate,29006.46144,38129.8,-9123.33856,724,93,0.40865714285714283,-31.45
Central,Honduras,Home Office,18674.08164,24233.96,-5559.87836,551,73,0.402,-29.77
Central,Netherlands,Consumer,51288.792,79039.95,-27751.158,990,108,0.482,-54.11
Central,Netherlands,Corporate,12633.807,18512.13,-5878.323,371,55,0.4844660194174757,-46.53
Central,Netherlands,Home Office,13592.346,21032.94,-7440.594,321,48,0.4780487804878049,-54.74
Central,Nicaragua,Consumer,73097.21304,59236.74,13860.47304,1098,155,0.00346,18.96
Central,Nicaragua,Corporate,46770.41612,35226.8,11543.61612,751,99,0.0010334928229665072,24.68
Central,Nicaragua,Home Office,29819.4354,21822.08,7997.3554,386,61,0.0001523809523809524,26.82
Central,Panama,Consumer,26259.82888,34944.28,-8684.45112,709,96,0.40173262032085566,-33.07
Central,Panama,Corporate,17252.70484,22585.9,-5333.19516,471,67,0.40491200000000005,-30.91
Central,Panama,Home Office,8027.3938,11733.2,-3705.8062,246,36,0.41981578947368425,-46.16
Central,Switzerland,Consumer,13564.68,9547.02,4017.6600000000003,198,26,0.0,29.62
Central,Switzerland,Corporate,9191.34,6368.1,2823.24,79,10,0.0,30.72
Central,Switzerland,Home Office,2121.84,1725.27,396.57,31,4,0.0,18.69
Central,United States,Consumer,252031.434,243467.3859,8564.0481,4519,604,0.2520297029702971,3.4
Central,United States,Corporate,157995.8128,139291.9108,18703.902000000002,2604,348,0.2398216939078752,11.84
Central,United States,Home Office,91212.644,78774.2316,12438.4124,1657,223,0.20885844748858448,13.64
Central Asia,Afghanistan,Consumer,3589.23,2797.38,791.85,70,8,0.0,22.06
Central Asia,Afghanistan,Corporate,14503.89,10891.619999999999,3612.27,132,14,0.0,24.91
Central Asia,Afghanistan,Home Office,3580.2000000000003,2524.02,1056.18,26,4,0.0,29.5
Central Asia,Bangladesh,Consumer,39955.590000000004,29898.3,10057.289999999999,384,44,0.0,25.17
Central Asia,Bangladesh,Corporate,28457.61,21483.35,6974.26,198,20,0.0,24.51
Central Asia,Bangladesh,Home Office,9843.27,7443.93,2399.34,98,18,0.0,24.38
Central Asia,India,Consumer,299383.515,232567.32,66816.195,3020,416,0.0196078431372549,22.32
Central Asia,India,Corporate,167949.975,130958.76,36991.215000000004,1594,216,0.013953488372093023,22.03
Central Asia,India,Home Office,122316.615,97052.19,25264.425,1144,153,0.01779935275080906,20.65
Central Asia,Nepal,Consumer,2067.0299999999997,1688.46,378.57,44,3,0.0,18.31
Central Asia,Nepal,Corporate,1396.65,920.58,476.07,21,2,0.0,34.09
Central Asia,Nepal,Home Office,58.56,35.760000000000005,22.8,4,1,0.0,38.93
Central Asia,Pakistan,Consumer,24060.129,32907.96,-8847.831,417,55,0.43394495412844036,-36.77
Central Asia,Pakistan,Corporate,22664.223,29210.940000000002,-6546.717,345,49,0.44255319148936173,-28.89
Central Asia,Pakistan,Home Office,12148.26,19200.36,-7052.099999999999,186,19,0.4739130434782609,-58.05
Central Asia,Sri Lanka,Corporate,568.02,519.7800000000001,48.24,12,2,0.0,8.49
Central Asia,Sri Lanka,Home Office,283.8,245.67000000000002,38.129999999999995,20,2,0.0,13.44
EMEA,Albania,Consumer,1007.31,676.8899999999999,330.42,13,3,0.0,32.8
EMEA,Albania,Corporate,2326.89,1970.0699999999997,356.82,23,6,0.0,15.33
EMEA,Albania,Home Office,553.92,531.8399999999999,22.08,4,1,0.0,3.99
EMEA,Armenia,Consumer,156.75,87.66,69.09,3,2,0.0,44.08
EMEA,Austria,Consumer,3885.3,2796.03,1089.27,47,13,0.0,28.04
EMEA,Austria,Corporate,4271.85,3378.69,893.16,57,13,0.0,20.91
EMEA,Austria,Home Office,3219.9,2302.8900000000003,917.01,47,8,0.0,28.48
EMEA,Azerbaijan,Consumer,2862.21,1783.2300000000002,1078.98,24,10,0.0,37.7
EMEA,Azerbaijan,Corporate,2769.3,2017.23,752.07,30,10,0.0,27.16
EMEA,Bahrain,Corporate,669.18,656.3399999999999,12.84,6,1,0.0,1.92
EMEA,Belarus,Consumer,5972.400000000001,3957.6,2014.8,96,22,0.0,33.74
EMEA,Belarus,Corporate,2627.9700000000003,1685.3100000000002,942.66,43,9,0.0,35.87
EMEA,Belarus,Home Office,4785.72,3208.92,1576.8,39,11,0.0,32.95
EMEA,Bosnia and Herzegovina,Consumer,1628.97,1189.98,438.99,19,3,0.0,26.95
EMEA,Bosnia and Herzegovina,Corporate,349.2,240.95999999999998,108.24,8,1,0.0,31.0
EMEA,Bosnia and Herzegovina,Home Office,621.09,508.14,112.95,23,4,0.0,18.19
EMEA,Bulgaria,Consumer,10897.44,8158.53,2738.91,129,26,0.0,25.13
EMEA,Bulgaria,Corporate,1918.68,1353.96,564.72,15,7,0.0,29.43
EMEA,Bulgaria,Home Office,2741.52,2122.56,618.96,30,8,0.0,22.58
EMEA,Croatia,Consumer,2287.38,1580.8200000000002,706.56,47,11,0.0,30.89
EMEA,Croatia,Corporate,1741.1399999999999,1259.28,481.85999999999996,34,7,0.0,27.67
EMEA,Croatia,Home Office,432.65999999999997,317.15999999999997,115.5,9,2,0.0,26.7
EMEA,Czech Republic,Consumer,4238.07,3268.5299999999997,969.54,64,16,0.0,22.88
EMEA,Czech Republic,Corporate,1829.25,1436.43,392.82,41,10,0.0,21.47
EMEA,Czech Republic,Home Office,3506.61,2775.42,731.1899999999999,59,10,0.0,20.85
EMEA,Estonia,Consumer,1482.6899999999998,1012.4999999999999,470.19,5,2,0.0,31.71
EMEA,Estonia,Corporate,2997.15,2357.16,639.99,19,5,0.0,21.35
EMEA,Georgia,Consumer,4524.27,3522.69,1001.5799999999999,49,10,0.0,22.14
EMEA,Georgia,Corporate,799.5,540.48,259.02,27,7,0.0,32.4
EMEA,Georgia,Home Office,103.65,78.57000000000001,25.08,5,2,0.0,24.2
EMEA,Hungary,Consumer,3741.75,2942.0699999999997,799.68,71,15,0.0,21.37
EMEA,Hungary,Corporate,6577.68,5281.95,1295.73,56,7,0.0,19.7
EMEA,Hungary,Home Office,3934.62,2828.1,1106.52,47,6,0.0,28.12
EMEA,Iran,Consumer,62017.86,47085.72,14932.14,757,172,0.0,24.08
EMEA,Iran,Corporate,33747.45,25579.65,8167.8,420,97,0.0,24.2
EMEA,Iran,Home Office,17980.8,14224.5,3756.2999999999997,217,52,0.0,20.89
EMEA,Iraq,Consumer,41592.84,30292.17,11300.67,460,107,0.0,27.17
EMEA,Iraq,Corporate,19513.47,14169.66,5343.81,255,56,0.0,27.39
EMEA,Iraq,Home Office,9608.49,8009.76,1598.73,143,37,0.0,16.64
EMEA,Israel,Consumer,6489.24,5172.93,1316.31,95,24,0.0,20.28
EMEA,Israel,Corporate,7903.44,6752.94,1150.5,90,16,0.0,14.56
EMEA,Israel,Home Office,4901.4,3808.98,1092.42,40,8,0.0,22.29
EMEA,Jordan,Consumer,5281.68,4052.07,1229.61,64,9,0.0,23.28
EMEA,Jordan,Corporate,894.06,649.95,244.10999999999999,25,5,0.0,27.3
EMEA,Jordan,Home Office,1150.4099999999999,800.4300000000001,349.98,17,3,0.0,30.42
EMEA,Kazakhstan,Consumer,3029.346,7597.5599999999995,-4568.214,129,28,0.7,-150.8
EMEA,Kazakhstan,Corporate,1133.262,2918.7599999999998,-1785.498,52,16,0.7,-157.55
EMEA,Kazakhstan,Home Office,442.836,1189.02,-746.1840000000001,28,10,0.7,-168.5
EMEA,Kyrgyzstan,Consumer,2745.57,1808.64,936.93,40,12,0.0,34.13
EMEA,Kyrgyzstan,Corporate,390.99,266.15999999999997,124.83,5,2,0.0,31.93
EMEA,Kyrgyzstan,Home Office,1969.74,1296.18,673.56,34,4,0.0,34.2
EMEA,Lebanon,Consumer,1935.03,1340.4899999999998,594.5400000000001,13,5,0.0,30.73
EMEA,Lebanon,Corporate,200.76000000000002,121.92000000000002,78.83999999999999,2,1,0.0,39.27
EMEA,Lebanon,Home Office,660.87,425.85,235.01999999999998,3,2,0.0,35.56
EMEA,Lithuania,Consumer,2795.004,6079.38,-3284.376,83,12,0.7,-117.51
EMEA,Lithuania,Corporate,3638.997,8734.11,-5095.113,42,10,0.7,-140.01
EMEA,Lithuania,Home Office,290.331,876.96,-586.629,18,3,0.7,-202.06
EMEA,Macedonia,Consumer,198.66,159.77999999999997,38.879999999999995,5,2,0.0,19.57
EMEA,Macedonia,Home Office,10.98,6.48,4.5,1,1,0.0,40.98
EMEA,Moldova,Consumer,3311.61,2569.41,742.2,50,7,0.0,22.41
EMEA,Moldova,Corporate,977.13,779.34,197.79000000000002,29,5,0.0,20.24
EMEA,Moldova,Home Office,851.19,663.96,187.23,16,4,0.0,22.0
EMEA,Mongolia,Consumer,143.64,113.55,30.09,5,3,0.0,20.95
EMEA,Mongolia,Corporate,5934.78,4690.05,1244.73,52,7,0.0,20.97
EMEA,Mongolia,Home Office,671.1899999999999,422.58,248.61,14,2,0.0,37.04
EMEA,Montenegro,Consumer,10.53,8.129999999999999,2.4,1,1,0.0,22.79
EMEA,Montenegro,Corporate,3993.8399999999997,2709.48,1284.3600000000001,12,1,0.0,32.16
EMEA,Poland,Consumer,17534.1,13397.55,4136.55,279,56,0.0,23.59
EMEA,Poland,Corporate,14211.6,10442.16,3769.44,153,35,0.0,26.52
EMEA,Poland,Home Office,12483.15,9406.02,3077.13,131,26,0.0,24.65
EMEA,Qatar,Consumer,4802.1,3714.15,1087.95,25,4,0.0,22.66
EMEA,Qatar,Corporate,1060.38,734.55,325.83,15,1,0.0,30.73
EMEA,Qatar,Home Office,187.32,98.21999999999998,89.10000000000001,7,1,0.0,47.57
EMEA,Romania,Consumer,16781.73,13579.53,3202.2000000000003,165,43,0.0,19.08
EMEA,Romania,Corporate,13122.33,10178.64,2943.69,132,31,0.0,22.43
EMEA,Romania,Home Office,7352.52,5872.14,1480.38,79,16,0.0,20.13
EMEA,Russia,Consumer,40332.54,29758.08,10574.460000000001,452,96,0.0,26.22
EMEA,Russia,Corporate,23615.85,16148.76,7467.09,305,59,0.0,31.62
EMEA,Russia,Home Office,18965.49,14470.59,4494.9,160,36,0.0,23.7
EMEA,Saudi Arabia,Consumer,42336.659999999996,32223.18,10113.48,383,78,0.0,23.89
EMEA,Saudi Arabia,Corporate,21826.44,16572.18,5254.26,279,59,0.0,24.07
EMEA,Saudi Arabia,Home Office,17849.1,13877.25,3971.8500000000004,191,30,0.0,22.25
EMEA,Slovakia,Consumer,696.99,643.8299999999999,53.160000000000004,13,2,0.0,7.63
EMEA,Slovakia,Corporate,168.32999999999998,106.22999999999999,62.1,5,2,0.0,36.89
EMEA,Slovenia,Consumer,1316.52,777.0600000000002,539.4599999999999,18,1,0.0,40.98
EMEA,Slovenia,Corporate,153.42,102.83999999999999,50.58,2,1,0.0,32.97
EMEA,Syria,Consumer,1785.522,1519.17,266.35200000000003,31,8,0.13333333333333333,14.92
EMEA,Syria,Corporate,2614.848,2302.59,312.258,12,4,0.08888888888888889,11.94
EMEA,Syria,Home Office,910.26,795.66,114.6,15,4,0.1,12.59
EMEA,Tajikistan,Consumer,242.784,505.65000000000003,-262.866,14,2,0.6999999999999998,-108.27
EMEA,Turkey,Consumer,50972.868,97491.63,-46518.762,1504,328,0.6,-91.26
EMEA,Turkey,Corporate,34773.36,66440.07,-31666.71,926,206,0.6,-91.07
EMEA,Turkey,Home Office,22761.72,43023.479999999996,-20261.76,594,129,0.6,-89.02
EMEA,Turkmenistan,Consumer,1457.37,3767.0099999999998,-2309.64,40,10,0.7,-158.48
EMEA,Turkmenistan,Corporate,215.19899999999998,579.72,-364.521,9,4,0.6999999999999998,-169.39
EMEA,Turkmenistan,Home Office,354.492,983.0400000000001,-628.548,9,2,0.7,-177.31
EMEA,Ukraine,Consumer,48913.8,37364.88,11548.92,524,117,0.0,23.61
EMEA,Ukraine,Corporate,29377.41,21837.9,7539.51,291,61,0.0,25.66
EMEA,Ukraine,Home Office,8565.960000000001,6710.16,1855.8,135,35,0.0,21.66
EMEA,United Arab Emirates,Consumer,720.486,1719.27,-998.784,34,5,0.6999999999999998,-138.63
EMEA,United Arab Emirates,Corporate,23.634,61.71,-38.076,3,1,0.7,-161.11
EMEA,Uzbekistan,Consumer,5435.58,4188.72,1246.86,79,13,0.0,22.94
EMEA,Uzbekistan,Corporate,1272.06,1094.94,177.12,16,5,0.0,13.92
EMEA,Uzbekistan,Home Office,622.23,398.07,224.16,10,3,0.0,36.03
EMEA,Yemen,Consumer,1180.584,3306.54,-2125.956,41,8,0.7,-180.08
EMEA,Yemen,Corporate,930.564,1920.09,-989.526,24,2,0.7,-106.34
EMEA,Yemen,Home Office,354.564,945.54,-590.976,6,1,0.7,-166.68
East,United States,Consumer,350908.167,309717.1827,41190.9843,5347,713,0.14744724302246426,11.74
East,United States,Corporate,200409.347,176786.7681,23622.5789,3358,434,0.1443557582668187,11.79
East,United States,Home Office,127463.726,100754.5092,26709.2168,1913,254,0.14103585657370518,20.95
North,Denmark,Consumer,6469.602,9512.01,-3042.408,168,21,0.5085106382978724,-47.03
North,Denmark,Corporate,2016.156,3171.39,-1155.234,44,7,0.5066666666666666,-57.3
North,Denmark,Home Office,152.29500000000002,236.70000000000002,-84.405,8,3,0.5,-55.42
North,Finland,Consumer,15273.48,12796.77,2476.71,119,20,0.0,16.22
North,Finland,Corporate,3020.76,2422.11,598.65,55,9,0.0,19.82
North,Finland,Home Office,2410.11,1579.74,830.37,27,5,0.0,34.45
North,Ireland,Consumer,9868.485,13674.45,-3805.965,263,30,0.5015384615384616,-38.57
North,Ireland,Corporate,3185.049,4663.05,-1478.001,81,12,0.5095238095238095,-46.4
North,Ireland,Home Office,3585.975,5694.39,-2108.415,70,9,0.5,-58.8
North,Mexico,Consumer,321099.22352,266138.66,54960.563519999996,5180,701,0.06239332365747461,17.12
North,Mexico,Corporate,198786.933,169751.84,29035.093,3162,402,0.06605392156862745,14.61
North,Mexico,Home Office,102704.461,83882.02,18822.441,1669,226,0.05122666666666666,18.33
North,Norway,Consumer,8022.12,6335.49,1686.63,127,17,0.0,21.02
North,Norway,Corporate,10763.82,7587.3,3176.52,95,15,0.0,29.51
North,Norway,Home Office,1739.4299999999998,1434.81,304.62,39,5,0.0,17.51
North,Sweden,Consumer,13113.105,20045.52,-6932.415,310,45,0.5078651685393258,-52.87
North,Sweden,Corporate,9909.738,14693.01,-4783.272,319,39,0.508974358974359,-48.27
North,Sweden,Home Office,7468.56,13272.24,-5803.68,124,16,0.5055555555555555,-77.71
North,United Kingdom,Consumer,270109.125,215254.11000000002,54855.015,3047,417,0.0696078431372549,20.31
North,United Kingdom,Corporate,166543.692,129543.63,37000.062,1970,242,0.06349514563106796,22.22
North,United Kingdom,Home Office,91923.483,71878.41,20045.073,1144,160,0.05894039735099338,21.81
North Asia,China,Consumer,337092.189,260695.41,76396.779,3502,464,0.015210355987055016,22.66
North Asia,China,Corporate,216842.157,177074.91,39767.247,2193,282,0.01416382252559727,18.34
North Asia,China,Home Office,146627.679,112108.62,34519.059,1386,179,0.01226158038147139,23.54
North Asia,Hong Kong,Consumer,3410.04,2757.3900000000003,652.65,49,6,0.0,19.14
North Asia,Hong Kong,Corporate,372.12,264.39,107.73,7,1,0.0,28.95
North Asia,Hong Kong,Home Office,2364.84,1567.1100000000001,797.7299999999999,14,2,0.0,33.73
North Asia,Japan,Consumer,46911.51,36366.96,10544.55,512,66,0.03656716417910448,22.48
North Asia,Japan,Corporate,37660.617,27330.69,10329.927,356,40,0.03375,27.43
North Asia,Japan,Home Office,16215.39,12761.4,3453.9900000000002,128,22,0.027777777777777776,21.3
North Asia,Mongolia,Consumer,40.23,57.239999999999995,-17.01,9,1,0.5,-42.28
North Asia,South Korea,Consumer,18756.672,25565.07,-6808.398,327,43,0.4482758620689655,-36.3
North Asia,South Korea,Corporate,4409.082,6203.82,-1794.738,120,17,0.4818181818181818,-40.71
North Asia,South Korea,Home Office,9959.625,14149.32,-4189.695,196,22,0.4423076923076923,-42.07
North Asia,Taiwan,Consumer,1184.28,771.24,413.03999999999996,27,4,0.0,34.88
North Asia,Taiwan,Corporate,6463.349999999999,5057.79,1405.56,25,1,0.0,21.75
Oceania,Australia,Consumer,499313.187,442276.02,57037.167,5716,743,0.14752148050231328,11.42
Oceania,Australia,Corporate,270473.907,239576.1,30897.807,3108,434,0.13778040141676506,11.42
Oceania,Australia,Home Office,155448.759,139476.3,15972.459,1849,243,0.14109014675052411,10.28
Oceania,New Zealand,Consumer,79642.776,74162.85,5479.9259999999995,1040,157,0.19936507936507938,6.88
Oceania,New Zealand,Corporate,50169.858,46396.17,3773.688,650,100,0.18071065989847718,7.52
Oceania,New Zealand,Home Office,42207.99,34861.32,7346.67,399,58,0.16379310344827586,17.41
Oceania,Papua New Guinea,Consumer,594.5070000000001,906.42,-311.913,28,5,0.4666666666666667,-52.47
Oceania,Papua New Guinea,Corporate,2183.148,2195.61,-12.462,31,3,0.36666666666666664,-0.57
Oceania,Papua New Guinea,Home Office,150.48,244.70999999999998,-94.22999999999999,17,1,0.5,-62.62
South,Argentina,Consumer,29856.74496,39460.2,-9603.45504,788,104,0.4304423076923077,-32.17
South,Argentina,Corporate,18486.73032,24237.22,-5750.48968,464,55,0.4326,-31.11
South,Argentina,Home Office,9168.308,12508.16,-3339.852,252,32,0.4436774193548387,-36.43
South,Bolivia,Consumer,6035.4,4362.62,1672.78,112,16,0.0,27.72
South,Bolivia,Corporate,1579.08,1433.1,145.98,9,4,0.0,9.24
South,Bolivia,Home Office,3974.4900000000002,3563.9,410.59,53,6,0.013466666666666667,10.33
South,Brazil,Consumer,191712.31344,179026.3,12686.01344,3250,414,0.14841239570917758,6.62
South,Brazil,Corporate,102336.3408,92126.81999999999,10209.5208,1773,232,0.1430544662309368,9.98
South,Brazil,Home Office,67057.76472,59862.8,7194.96472,1125,139,0.14166777408637873,10.73
South,Chile,Consumer,18077.5822,13901.08,4176.5022,305,51,0.002457831325301205,23.1
South,Chile,Corporate,10277.4224,8484.26,1793.1624,141,16,5.882352941176471e-05,17.45
South,Chile,Home Office,7092.06612,5317.4,1774.6661199999999,105,13,0.00023076923076923076,25.02
South,Colombia,Consumer,46549.62016,34972.74,11576.88016,708,78,0.0022315789473684212,24.87
South,Colombia,Corporate,17891.52116,14729.44,3162.08116,320,53,0.004262626262626263,17.67
South,Colombia,Home Office,17061.38844,13002.3,4059.08844,249,32,0.00016901408450704225,23.79
South,Ecuador,Consumer,5889.31788,4538.4800000000005,1350.83788,100,11,0.006580645161290323,22.94
South,Ecuador,Corporate,3135.012,2588.5,546.5120000000001,60,8,0.011764705882352941,17.43
South,Ecuador,Home Office,4318.65048,3667.9000000000005,650.75048,38,5,0.02525,15.07
South,Italy,Consumer,146703.813,137171.76,9532.053,2055,271,0.11852517985611512,6.5
South,Italy,Corporate,100022.241,93275.76,6746.481,1352,185,0.1298913043478261,6.74
South,Italy,Home Office,42983.604,39433.38,3550.224,719,92,0.13043478260869565,8.26
South,Paraguay,Consumer,1435.38,1156.88,278.5,25,4,0.0,19.4
South,Paraguay,Corporate,415.4,299.94,115.46000000000001,11,1,0.0,27.79
South,Paraguay,Home Office,739.58752,718.32,21.267519999999998,15,1,0.0006666666666666666,2.88
South,Peru,Consumer,10552.36372,13884.86,-3332.49628,304,41,0.40683146067415726,-31.58
South,Peru,Corporate,4682.064,6010.38,-1328.316,166,17,0.4066666666666667,-28.37
South,Peru,Home Office,2598.756,3445.82,-847.0640000000001,97,15,0.4107142857142857,-32.59
South,Portugal,Consumer,7073.16,10353.15,-3279.99,178,23,0.5,-46.37
South,Portugal,Corporate,7963.17,13321.529999999999,-5358.360000000001,106,13,0.5,-67.29
South,Portugal,Home Office,68.79,133.5,-64.71,2,1,0.5,-94.07
South,Spain,Consumer,141901.28399999999,115952.45999999999,25948.824,1637,218,0.03371559633027523,18.29
South,Spain,Corporate,99649.623,80190.36,19459.263,1005,149,0.03271375464684015,19.53
South,Spain,Home Office,45595.773,36613.74,8982.033,598,79,0.04155844155844156,19.7
South,United States,Consumer,195580.971,168667.3982,26913.572799999998,3178,444,0.14212410501193318,13.76
South,United States,Corporate,121885.9325,106670.7093,15215.2232,2016,247,0.1577450980392157,12.48
South,United States,Home Office,74255.0015,69634.3672,4620.6343,1015,131,0.14338235294117646,6.22
South,Uruguay,Consumer,9403.324,7795.22,1608.104,71,10,0.011764705882352941,17.1
South,Uruguay,Corporate,79.96000000000001,45.68,34.28,14,2,0.0,42.87
South,Uruguay,Home Office,229.26,182.3,46.96,16,3,0.0,20.48
South,Venezuela,Consumer,14118.88088,19455.420000000002,-5336.53912,404,56,0.4056363636363637,-37.8
South,Venezuela,Corporate,7610.10372,10860.16,-3250.05628,211,25,0.41313043478260875,-42.71
South,Venezuela,Home Office,4858.84496,7494.96,-2636.11504,159,15,0.41584210526315796,-54.25
Southeast Asia,Cambodia,Consumer,12062.49,8867.460000000001,3195.03,97,12,0.0,26.49
Southeast Asia,Cambodia,Corporate,2903.73,2287.41,616.3199999999999,33,7,0.0,21.23
Southeast Asia,Cambodia,Home Office,2509.8,1844.6100000000001,665.1899999999999,24,2,0.0,26.5
Southeast Asia,Indonesia,Consumer,211239.6078,203793.98,7445.6278,2731,370,0.29134265734265735,3.52
Southeast Asia,Indonesia,Corporate,128904.6813,123432.39,5472.2913,1615,215,0.30392857142857144,4.25
Southeast Asia,Indonesia,Home Office,64743.2088,62052.45,2690.7588,891,113,0.30303964757709256,4.16
Southeast Asia,Malaysia,Consumer,35223.78,26871.21,8352.57,357,40,0.0,23.71
Southeast Asia,Malaysia,Corporate,16374.75,11623.32,4751.43,194,25,0.0,29.02
Southeast Asia,Malaysia,Home Office,9763.68,6537.72,3225.96,125,17,0.0,33.04
Southeast Asia,Myanmar (Burma),Consumer,15022.845299999999,15585.3,-562.4547,237,29,0.24101449275362316,-3.74
Southeast Asia,Myanmar (Burma),Corporate,12572.2443,14059.08,-1486.8356999999999,185,19,0.23808510638297875,-11.83
Southeast Asia,Myanmar (Burma),Home Office,6543.7821,6603.75,-59.967900000000014,67,10,0.215,-0.92
Southeast Asia,Philippines,Consumer,96384.951,106864.44,-10479.489,1397,169,0.34449035812672174,-10.87
Southeast Asia,Philippines,Corporate,44464.5915,48384.42,-3919.8285,671,85,0.348876404494382,-8.82
Southeast Asia,Philippines,Home Office,42570.6225,44299.53,-1728.9075000000003,538,72,0.3457142857142857,-4.06
Southeast Asia,Singapore,Consumer,26416.71,20785.68,5631.03,359,44,0.0,21.32
Southeast Asia,Singapore,Corporate,6459.18,5014.98,1444.2,107,18,0.0,22.36
Southeast Asia,Singapore,Home Office,7410.36,5632.53,1777.8300000000002,88,10,0.0,23.99
Southeast Asia,Thailand,Consumer,35031.0645,37991.76,-2960.6955000000003,589,73,0.3436842105263158,-8.45
Southeast Asia,Thailand,Corporate,26876.9778,29182.8,-2305.8222,303,39,0.378433734939759,-8.58
Southeast Asia,Thailand,Home Office,15143.912699999999,17185.59,-2041.6773,218,26,0.38833333333333336,-13.48
Southeast Asia,Vietnam,Consumer,29371.3668,29758.29,-386.92319999999995,502,65,0.24553956834532376,-1.32
Southeast Asia,Vietnam,Corporate,15795.5529,16660.170000000002,-864.6171,242,30,0.2303174603174603,-5.47
Southeast Asia,Vietnam,Home Office,20633.2797,21251.97,-618.6903000000001,252,27,0.23507936507936508,-3.0
West,United States,Consumer,362880.773,305430.169,57450.604,6477,825,0.10750598086124402,15.83
West,United States,Corporate,225855.2745,191417.8446,34437.4299,3630,485,0.11395833333333334,15.25
West,United States,Home Office,136721.777,120191.362,16530.415,2159,301,0.10691768826619966,12.09
